{
	"class_name" : "PinholeCameraParameters",
	"extrinsic" : 
	[
		1.0,
		-0.0,
		-0.0,
		0.0,
		0.0,
		-0.0,
		1.0,
		0.0,
		-0.0,
		-1.0,
		-0.0,
		0.0,
		1.8321765661239624,
		-3.1808485984802246,
		5.0728900229224276,
		1.0
	],
	"intrinsic" : 
	{
		"height" : 1008,
		"intrinsic_matrix" : 
		[
			872.95360701471418,
			0.0,
			0.0,
			0.0,
			872.95360701471418,
			0.0,
			959.5,
			503.5,
			1.0
		],
		"width" : 1920
	},
	"version_major" : 1,
	"version_minor" : 0
}