{
    "rms_error": 0.4764060931125961,
    "camera_matrix": [
        [
            459.5376256753583,
            0.0,
            259.4914301341891
        ],
        [
            0.0,
            458.80782507827433,
            148.31807038283895
        ],
        [
            0.0,
            0.0,
            1.0
        ]
    ],
    "dist_coeffs": [
        [
            -0.030386583334978436,
            0.11774348397791388,
            -0.0009482327458307348,
            -0.002439930034516189,
            -0.28732347389047463
        ]
    ],
    "resolution": [
        480,
        320
    ]
}