{
    "rms_error": 0.357883577856757,
    "camera_matrix": [
        [
            457.246567477581,
            0.0,
            259.01890759640816
        ],
        [
            0.0,
            457.8330143006645,
            154.28711004287302
        ],
        [
            0.0,
            0.0,
            1.0
        ]
    ],
    "dist_coeffs": [
        [
            -0.09808440911381426,
            0.6484687048584417,
            0.0016105140360609402,
            -0.003035110035699688,
            -1.43354434895458
        ]
    ],
    "resolution": [
        480,
        320
    ],
    "refined_matrix": [
        [
            453.239199466571,
            0.0,
            258.68246947661487
        ],
        [
            0.0,
            456.2622735318036,
            154.60407852871498
        ],
        [
            0.0,
            0.0,
            1.0
        ]
    ],
    "roi": [
        0,
        0,
        479,
        319
    ]
}