{
    "rms_error": 0.3989320445820192,
    "camera_matrix": [
        [
            470.77345977566387,
            0.0,
            266.42605523517375
        ],
        [
            0.0,
            471.6761238926431,
            159.39058526617634
        ],
        [
            0.0,
            0.0,
            1.0
        ]
    ],
    "dist_coeffs": [
        [
            -0.07506469340219693,
            0.3384379376090382,
            0.0029777176159104662,
            -0.00012139043737000984,
            -0.5963859564357721
        ]
    ],
    "resolution": [
        480,
        320
    ]
}