{
    "rms_error": 0.3442538358462391,
    "camera_matrix": [
        [
            459.72915069442865,
            0.0,
            258.5884252925074
        ],
        [
            0.0,
            460.03254618683115,
            153.06744350465016
        ],
        [
            0.0,
            0.0,
            1.0
        ]
    ],
    "dist_coeffs": [
        [
            -0.056317805871660666,
            0.18567024394916518,
            0.00012088537863610562,
            -0.0027319575147946493,
            -0.05627190008012124
        ]
    ],
    "resolution": [
        480,
        320
    ],
    "refined_matrix": [
        [
            458.95376180963706,
            0.0,
            257.25314058242503
        ],
        [
            0.0,
            457.4271653161205,
            153.0936478568835
        ],
        [
            0.0,
            0.0,
            1.0
        ]
    ],
    "roi": [
        2,
        2,
        476,
        314
    ],
    "explanation": "refined_matrix and roi are for undistorted images."
}