{
    "rms_error": 0.4227406713058732,
    "camera_matrix": [
        [
            457.72124931535797,
            0.0,
            258.1199138891213
        ],
        [
            0.0,
            459.48316854306756,
            153.80160726590213
        ],
        [
            0.0,
            0.0,
            1.0
        ]
    ],
    "dist_coeffs": [
        [
            -0.07780050589885644,
            0.4279494438385883,
            0.0005486297693184582,
            -0.0022381770055691736,
            -0.7150181504675954
        ]
    ],
    "resolution": [
        480,
        320
    ],
    "refined_matrix": [
        [
            453.28344110918357,
            0.0,
            258.09038419380164
        ],
        [
            0.0,
            454.60111470271255,
            153.7912945779836
        ],
        [
            0.0,
            0.0,
            1.0
        ]
    ],
    "roi": [
        2,
        1,
        476,
        316
    ],
    "explanation": "refined_matrix and roi are for undistorted images."
}