{
    "rms_error": 0.41753516489205,
    "camera_matrix": [
        [
            455.21583958358156,
            0.0,
            261.5649150387622
        ],
        [
            0.0,
            456.4325599045171,
            151.14563872957518
        ],
        [
            0.0,
            0.0,
            1.0
        ]
    ],
    "dist_coeffs": [
        [
            -0.06542158282046541,
            0.10287974650935869,
            -0.002568595309129112,
            -0.0010934667510097246,
            0.555139960377721
        ]
    ],
    "resolution": [
        480,
        320
    ],
    "refined_matrix": [
        [
            466.5493299890314,
            0.0,
            258.5876761495857
        ],
        [
            0.0,
            471.9547924320029,
            150.9343677125269
        ],
        [
            0.0,
            0.0,
            1.0
        ]
    ],
    "roi": [
        0,
        0,
        479,
        319
    ],
    "explanation": "refined_matrix and roi are for undistorted images."
}