{
    "rms_error": 0.4521828810423954,
    "CameraMatrix": [
        [
            294.66668295715925,
            0.0,
            170.87571772750627
        ],
        [
            0.0,
            303.1234797048876,
            116.93532569107381
        ],
        [
            0.0,
            0.0,
            1.0
        ]
    ],
    "DistortionCoefficients": [
        [
            -0.031207674275296853,
            0.002580760310620264,
            -0.00127575683858525,
            -0.0014691087046377021,
            0.10285203358747576
        ]
    ],
    "resolution": [
        320,
        240
    ],
     "undistort_matrix": [
        [
            293.86905894282637,
            0.0,
            170.23081182450335
        ],
        [
            0.0,
            302.86770152313534,
            116.66787065557835
        ],
        [
            0.0,
            0.0,
            1.0
        ]
    ],
    "roi": [
        0,
        0,
        319,
        239
    ],
    "new_fov": [
        57.133064237302044,
        43.228189770662276
    ]

}
