{
    "rms_error": 0.3710055257164134,
    "camera_matrix": [
        [
            457.98223601454555,
            0.0,
            260.762771939314
        ],
        [
            0.0,
            458.8336293646431,
            154.44577432712896
        ],
        [
            0.0,
            0.0,
            1.0
        ]
    ],
    "dist_coeffs": [
        [
            -0.08569824430432181,
            0.48189515227476876,
            0.0013286447435737951,
            -0.0028205003305878744,
            -0.9062933008414201
        ]
    ],
    "resolution": [
        480,
        320
    ],
    "refined_matrix": [
        [
            455.23578183628194,
            0.0,
            260.0539232286831
        ],
        [
            0.0,
            457.2969475025242,
            154.7205365060968
        ],
        [
            0.0,
            0.0,
            1.0
        ]
    ],
    "roi": [
        0,
        0,
        479,
        319
    ]
}