{
    "rms_error": 0.38448488562445504,
    "camera_matrix": [
        [
            462.2022195623248,
            0.0,
            255.7043909971901
        ],
        [
            0.0,
            462.8973904545835,
            152.32684171934946
        ],
        [
            0.0,
            0.0,
            1.0
        ]
    ],
    "dist_coeffs": [
        [
            -0.052183662180656565,
            0.18018171056813392,
            8.621063446336234e-05,
            -0.003930173975736447,
            -0.08440563236130626
        ]
    ],
    "resolution": [
        480,
        320
    ],
    "refined_matrix": [
        [
            461.42526932933225,
            0.0,
            254.03250946315242
        ],
        [
            0.0,
            460.1254902394399,
            152.3738540310071
        ],
        [
            0.0,
            0.0,
            1.0
        ]
    ],
    "roi": [
        2,
        2,
        477,
        315
    ],
    "explanation": "refined_matrix and roi are for undistorted images."
}