{
    "rms_error": 0.4521828810423954,
    "CameraMatrix": [
        [
            445.0,
            0.0,
            240.0
        ],
        [
            0.0,
            445.0,
            160.0
        ],
        [
            0.0,
            0.0,
            1.0
        ]
    ],
    "DistortionCoefficients": [
        [
            0.0,
            0.0,
            0.0,
            0.0,
            0.0
        ]
    ],
    "resolution": [
        480,
        320
    ],
     "undistort_matrix": [
        [
            445.0,
            0.0,
            240.0
        ],
        [
            0.0,
            445.0,
            160.0
        ],
        [
            0.0,
            0.0,
            1.0
        ]
    ],
    "roi": [
        0,
        0,
        479,
        319
    ],
    "new_fov": [
        57.133064237302044,
        43.228189770662276
    ]

}
