{
    "rms_error": 0.33620191617238565,
    "camera_matrix": [
        [
            455.17200449863395,
            0.0,
            258.2613287659757
        ],
        [
            0.0,
            456.22447553031935,
            152.81836360331786
        ],
        [
            0.0,
            0.0,
            1.0
        ]
    ],
    "dist_coeffs": [
        [
            -0.037593426098429784,
            0.04035089729912915,
            0.002214692063479436,
            -0.0042850193568010125,
            0.4445207977236187
        ]
    ],
    "resolution": [
        480,
        320
    ],
    "refined_matrix": [
        [
            465.1107278313614,
            0.0,
            254.99180013043997
        ],
        [
            0.0,
            469.3465424508709,
            153.70627018568968
        ],
        [
            0.0,
            0.0,
            1.0
        ]
    ],
    "roi": [
        0,
        0,
        479,
        319
    ],
    "explanation": "refined_matrix and roi are for undistorted images."
}