{
    "refined_matrix": [
        [
            457.14190229152996,
            0.0,
            258.91730080016714
        ],
        [
            0.0,
            457.786353198182,
            148.10702805501745
        ],
        [
            0.0,
            0.0,
            1.0
        ]
    ],
    "roi": [
        0,
        0,
        479,
        319
    ],
    "explanation": "Use this matrix and ROI for measurements on undistorted images."
}